-- phpMyAdmin SQL Dump
-- version 5.2.1
-- https://www.phpmyadmin.net/
--
-- Servidor: 127.0.0.1
-- Tiempo de generación: 30-10-2023 a las 03:58:33
-- Versión del servidor: 10.4.28-MariaDB
-- Versión de PHP: 8.2.4

SET SQL_MODE = "NO_AUTO_VALUE_ON_ZERO";
START TRANSACTION;
SET time_zone = "+00:00";


/*!40101 SET @OLD_CHARACTER_SET_CLIENT=@@CHARACTER_SET_CLIENT */;
/*!40101 SET @OLD_CHARACTER_SET_RESULTS=@@CHARACTER_SET_RESULTS */;
/*!40101 SET @OLD_COLLATION_CONNECTION=@@COLLATION_CONNECTION */;
/*!40101 SET NAMES utf8mb4 */;

--
-- Base de datos: `elgranhotelg11`
--

-- --------------------------------------------------------

--
-- Estructura de tabla para la tabla `habitacion`
--

CREATE TABLE `habitacion` (
  `idhabitacion` int(11) NOT NULL,
  `piso` int(11) NOT NULL,
  `estadohabitacion` varchar(16) NOT NULL,
  `categoria` varchar(9) NOT NULL,
  `camassimples` int(11) NOT NULL,
  `camasdobles` int(11) NOT NULL,
  `tipo` int(11) NOT NULL,
  `preciopornoche` double NOT NULL,
  `librehasta` int(1) DEFAULT NULL
) ENGINE=InnoDB DEFAULT CHARSET=utf8mb4 COLLATE=utf8mb4_general_ci;

--
-- Volcado de datos para la tabla `habitacion`
--

INSERT INTO `habitacion` (`idhabitacion`, `piso`, `estadohabitacion`, `categoria`, `camassimples`, `camasdobles`, `tipo`, `preciopornoche`, `librehasta`) VALUES
(1, 1, 'Libre', 'Comfort', 2, 0, 1, 30000, 0),
(2, 1, 'Libre', 'Comfort', 0, 1, 2, 30000, 1),
(3, 1, 'Libre', 'Privilege', 2, 0, 3, 45000, 0),
(4, 1, 'Libre', 'Privilege', 0, 1, 4, 45000, 1),
(5, 1, 'Libre', 'Luxury', 2, 0, 5, 70000, 1),
(6, 1, 'Libre', 'Luxury', 0, 1, 6, 70000, 0),
(7, 1, 'Libre', 'Privilege', 3, 0, 7, 54000, 1),
(8, 1, 'Libre', 'Privilege', 1, 1, 8, 54000, 0),
(9, 1, 'Ocupada', 'Privilege', 1, 1, 8, 54000, 0),
(10, 1, 'Libre', 'Luxury', 3, 0, 9, 84000, 1),
(11, 1, 'Libre', 'Luxury', 3, 0, 9, 84000, 1),
(12, 1, 'Libre', 'Luxury', 1, 1, 10, 84000, 0),
(13, 1, 'Libre', 'Luxury', 1, 1, 10, 84000, 0),
(14, 1, 'Libre', 'Privilege', 4, 0, 11, 64800, 0),
(15, 1, 'Libre', 'Privilege', 4, 0, 11, 64800, 1),
(16, 1, 'Libre', 'Privilege', 4, 0, 11, 64800, 1),
(17, 1, 'Libre', 'Privilege', 2, 1, 12, 64800, 0),
(18, 1, 'Libre', 'Privilege', 2, 1, 12, 64800, 1),
(19, 1, 'Libre', 'Privilege', 2, 1, 12, 64800, 0),
(20, 1, 'Libre', 'Luxury', 4, 0, 13, 100800, 1),
(21, 1, 'Libre', 'Luxury', 4, 0, 13, 100800, 0),
(22, 1, 'Libre', 'Luxury', 4, 0, 13, 100800, 1),
(23, 1, 'Libre', 'Luxury', 2, 1, 14, 100800, 1),
(24, 1, 'Libre', 'Luxury', 2, 1, 14, 100800, 0),
(25, 1, 'Libre', 'Luxury', 2, 1, 14, 100800, 0),
(26, 2, 'Libre', 'Comfort', 2, 0, 1, 30000, 1),
(27, 2, 'Libre', 'Comfort', 0, 1, 2, 30000, 0),
(28, 2, 'Libre', 'Privilege', 2, 0, 3, 45000, 1),
(29, 2, 'Libre', 'Privilege', 0, 1, 4, 45000, 1),
(30, 2, 'Libre', 'Luxury', 2, 0, 5, 70000, 1),
(31, 2, 'Libre', 'Luxury', 0, 1, 6, 70000, 0),
(32, 2, 'Libre', 'Privilege', 3, 0, 7, 54000, 1),
(33, 2, 'Libre', 'Privilege', 1, 1, 8, 54000, 0),
(34, 2, 'Libre', 'Privilege', 1, 1, 8, 54000, 0),
(35, 2, 'Libre', 'Luxury', 3, 0, 9, 84000, 1),
(36, 2, 'Libre', 'Luxury', 3, 0, 9, 84000, 1),
(37, 2, 'Libre', 'Luxury', 1, 1, 10, 84000, 1),
(38, 2, 'Libre', 'Luxury', 1, 1, 10, 84000, 1),
(39, 2, 'Ocupada', 'Privilege', 4, 0, 11, 64800, 0),
(40, 2, 'Libre', 'Privilege', 4, 0, 11, 64800, 1),
(41, 2, 'Libre', 'Privilege', 4, 0, 11, 64800, 1),
(42, 2, 'Libre', 'Privilege', 2, 1, 12, 64800, 0),
(43, 2, 'Libre', 'Privilege', 2, 1, 12, 64800, 0),
(44, 2, 'Libre', 'Privilege', 2, 1, 12, 64800, 1),
(45, 2, 'Libre', 'Luxury', 4, 0, 13, 100800, 0),
(46, 2, 'Libre', 'Luxury', 4, 0, 13, 100800, 0),
(47, 2, 'Libre', 'Luxury', 4, 0, 13, 100800, 0),
(48, 2, 'Libre', 'Luxury', 2, 1, 14, 100800, 0),
(49, 2, 'Libre', 'Luxury', 2, 1, 14, 100800, 0),
(50, 2, 'Libre', 'Luxury', 2, 1, 14, 100800, 1),
(51, 3, 'Libre', 'Comfort', 2, 0, 1, 30000, 1),
(52, 3, 'Ocupada', 'Comfort', 0, 1, 2, 30000, 0),
(53, 3, 'Libre', 'Privilege', 2, 0, 3, 45000, 1),
(54, 3, 'Libre', 'Privilege', 0, 1, 4, 45000, 1),
(55, 3, 'Libre', 'Luxury', 2, 0, 5, 70000, 0),
(56, 3, 'Libre', 'Luxury', 0, 1, 6, 70000, 0),
(57, 3, 'Libre', 'Privilege', 3, 0, 7, 54000, 0),
(58, 3, 'Libre', 'Privilege', 1, 1, 8, 54000, 1),
(59, 3, 'Libre', 'Privilege', 1, 1, 8, 54000, 0),
(60, 3, 'Libre', 'Luxury', 3, 0, 9, 84000, 0),
(61, 3, 'Libre', 'Luxury', 3, 0, 9, 84000, 1),
(62, 3, 'Libre', 'Luxury', 1, 1, 10, 84000, 1),
(63, 3, 'Ocupada', 'Luxury', 1, 1, 10, 84000, 0),
(64, 3, 'Libre', 'Privilege', 4, 0, 11, 64800, 1),
(65, 3, 'Libre', 'Privilege', 4, 0, 11, 64800, 1),
(66, 3, 'Libre', 'Privilege', 4, 0, 11, 64800, 1),
(67, 3, 'Libre', 'Privilege', 2, 1, 12, 64800, 1),
(68, 3, 'Libre', 'Privilege', 2, 1, 12, 64800, 1),
(69, 3, 'Libre', 'Privilege', 2, 1, 12, 64800, 1),
(70, 3, 'Libre', 'Luxury', 4, 0, 13, 100800, 0),
(71, 3, 'Libre', 'Luxury', 4, 0, 13, 100800, 1),
(72, 3, 'Libre', 'Luxury', 4, 0, 13, 100800, 1),
(73, 3, 'Libre', 'Luxury', 2, 1, 14, 100800, 0),
(74, 3, 'Libre', 'Luxury', 2, 1, 14, 100800, 1),
(75, 3, 'Libre', 'Luxury', 2, 1, 14, 100800, 1),
(76, 4, 'Ocupada', 'Comfort', 2, 0, 1, 30000, 0),
(77, 4, 'Ocupada', 'Comfort', 0, 1, 2, 30000, 1),
(78, 4, 'Ocupada', 'Privilege', 2, 0, 3, 45000, 1),
(79, 4, 'Ocupada', 'Privilege', 0, 1, 4, 45000, 1),
(80, 4, 'Ocupada', 'Luxury', 2, 0, 5, 70000, 0),
(81, 4, 'Ocupada', 'Luxury', 0, 1, 6, 70000, 0),
(82, 4, 'Ocupada', 'Privilege', 3, 0, 7, 54000, 0),
(83, 4, 'Ocupada', 'Privilege', 1, 1, 8, 54000, 0),
(84, 4, 'Ocupada', 'Privilege', 1, 1, 8, 54000, 1),
(85, 4, 'Ocupada', 'Luxury', 3, 0, 9, 84000, 0),
(86, 4, 'Ocupada', 'Luxury', 3, 0, 9, 84000, 0),
(87, 4, 'Ocupada', 'Luxury', 1, 1, 10, 84000, 1),
(88, 4, 'Ocupada', 'Luxury', 1, 1, 10, 84000, 0),
(89, 4, 'Ocupada', 'Privilege', 4, 0, 11, 64800, 1),
(90, 4, 'Ocupada', 'Privilege', 4, 0, 11, 64800, 1),
(91, 4, 'Ocupada', 'Privilege', 4, 0, 11, 64800, 0),
(92, 4, 'Ocupada', 'Privilege', 2, 1, 12, 64800, 1),
(93, 4, 'Ocupada', 'Privilege', 2, 1, 12, 64800, 0),
(94, 4, 'Ocupada', 'Privilege', 2, 1, 12, 64800, 0),
(95, 4, 'Ocupada', 'Luxury', 4, 0, 13, 100800, 0),
(96, 4, 'Ocupada', 'Luxury', 4, 0, 13, 100800, 1),
(97, 4, 'Ocupada', 'Luxury', 4, 0, 13, 100800, 1),
(98, 4, 'Ocupada', 'Luxury', 2, 1, 14, 100800, 1),
(99, 4, 'Ocupada', 'Luxury', 2, 1, 14, 100800, 1),
(100, 4, 'Ocupada', 'Luxury', 2, 1, 14, 100800, 1),
(101, 5, 'Libre', 'Comfort', 2, 0, 1, 30000, 1),
(102, 5, 'Libre', 'Comfort', 0, 1, 2, 30000, 1),
(103, 5, 'Libre', 'Privilege', 2, 0, 3, 45000, 1),
(104, 5, 'Libre', 'Privilege', 0, 1, 4, 45000, 1),
(105, 5, 'Libre', 'Luxury', 2, 0, 5, 70000, 1),
(106, 5, 'Libre', 'Luxury', 0, 1, 6, 70000, 1),
(107, 5, 'Ocupada', 'Privilege', 3, 0, 7, 54000, 1),
(108, 5, 'Libre', 'Privilege', 1, 1, 8, 54000, 1),
(109, 5, 'Libre', 'Privilege', 1, 1, 8, 54000, 1),
(110, 5, 'Libre', 'Luxury', 3, 0, 9, 84000, 1),
(111, 5, 'Libre', 'Luxury', 3, 0, 9, 84000, 1),
(112, 5, 'Libre', 'Luxury', 1, 1, 10, 84000, 1),
(113, 5, 'Libre', 'Luxury', 1, 1, 10, 84000, 1),
(114, 5, 'Libre', 'Privilege', 4, 0, 11, 64800, 1),
(115, 5, 'Libre', 'Privilege', 4, 0, 11, 64800, 1),
(116, 5, 'Libre', 'Privilege', 4, 0, 11, 64800, 1),
(117, 5, 'Libre', 'Privilege', 2, 1, 12, 64800, 1),
(118, 5, 'Libre', 'Privilege', 2, 1, 12, 64800, 1),
(119, 5, 'Libre', 'Privilege', 2, 1, 12, 64800, 1),
(120, 5, 'Libre', 'Luxury', 4, 0, 13, 100800, 1),
(121, 5, 'Libre', 'Luxury', 4, 0, 13, 100800, 1),
(122, 5, 'Libre', 'Luxury', 4, 0, 13, 100800, 1),
(123, 5, 'Libre', 'Luxury', 2, 1, 14, 100800, 1),
(124, 5, 'Ocupada', 'Luxury', 2, 1, 14, 100800, 1),
(125, 5, 'Libre', 'Luxury', 2, 1, 14, 100800, 1),
(126, 6, 'Libre', 'Comfort', 2, 0, 1, 30000, 1),
(127, 6, 'Libre', 'Comfort', 0, 1, 2, 30000, 1),
(128, 6, 'Ocupada', 'Privilege', 2, 0, 3, 45000, 1),
(129, 6, 'Libre', 'Privilege', 0, 1, 4, 45000, 1),
(130, 6, 'Libre', 'Luxury', 2, 0, 5, 70000, 1),
(131, 6, 'Libre', 'Luxury', 0, 1, 6, 70000, 1),
(132, 6, 'Libre', 'Privilege', 3, 0, 7, 54000, 1),
(133, 6, 'Libre', 'Privilege', 1, 1, 8, 54000, 1),
(134, 6, 'Libre', 'Privilege', 1, 1, 8, 54000, 1),
(135, 6, 'Libre', 'Luxury', 3, 0, 9, 84000, 1),
(136, 6, 'Libre', 'Luxury', 3, 0, 9, 84000, 1),
(137, 6, 'Libre', 'Luxury', 1, 1, 10, 84000, 1),
(138, 6, 'Ocupada', 'Luxury', 1, 1, 10, 84000, 1),
(139, 6, 'Ocupada', 'Privilege', 4, 0, 11, 64800, 1),
(140, 6, 'Libre', 'Privilege', 4, 0, 11, 64800, 1),
(141, 6, 'Libre', 'Privilege', 4, 0, 11, 64800, 1),
(142, 6, 'Libre', 'Privilege', 2, 1, 12, 64800, 1),
(143, 6, 'Libre', 'Privilege', 2, 1, 12, 64800, 1),
(144, 6, 'Libre', 'Privilege', 2, 1, 12, 64800, 1),
(145, 6, 'Ocupada', 'Luxury', 4, 0, 13, 100800, 1),
(146, 6, 'Libre', 'Luxury', 4, 0, 13, 100800, 1),
(147, 6, 'Libre', 'Luxury', 4, 0, 13, 100800, 1),
(148, 6, 'Libre', 'Luxury', 2, 1, 14, 100800, 1),
(149, 6, 'Ocupada', 'Luxury', 2, 1, 14, 100800, 1),
(150, 6, 'Libre', 'Luxury', 2, 1, 14, 100800, 1),
(151, 7, 'Libre', 'Comfort', 2, 0, 1, 30000, 1),
(152, 7, 'Libre', 'Comfort', 0, 1, 2, 30000, 1),
(153, 7, 'Libre', 'Privilege', 2, 0, 3, 45000, 1),
(154, 7, 'Libre', 'Privilege', 0, 1, 4, 45000, 1),
(155, 7, 'Libre', 'Luxury', 2, 0, 5, 70000, 1),
(156, 7, 'Libre', 'Luxury', 0, 1, 6, 70000, 1),
(157, 7, 'Libre', 'Privilege', 3, 0, 7, 54000, 1),
(158, 7, 'Libre', 'Privilege', 1, 1, 8, 54000, 1),
(159, 7, 'Libre', 'Privilege', 1, 1, 8, 54000, 1),
(160, 7, 'Libre', 'Luxury', 3, 0, 9, 84000, 1),
(161, 7, 'Libre', 'Luxury', 3, 0, 9, 84000, 1),
(162, 7, 'Libre', 'Luxury', 1, 1, 10, 84000, 1),
(163, 7, 'Libre', 'Luxury', 1, 1, 10, 84000, 1),
(164, 7, 'Libre', 'Privilege', 4, 0, 11, 64800, 1),
(165, 7, 'Libre', 'Privilege', 4, 0, 11, 64800, 1),
(166, 7, 'Libre', 'Privilege', 4, 0, 11, 64800, 1),
(167, 7, 'Libre', 'Privilege', 2, 1, 12, 64800, 1),
(168, 7, 'Libre', 'Privilege', 2, 1, 12, 64800, 1),
(169, 7, 'Libre', 'Privilege', 2, 1, 12, 64800, 1),
(170, 7, 'Libre', 'Luxury', 4, 0, 13, 100800, 1),
(171, 7, 'Libre', 'Luxury', 4, 0, 13, 100800, 1),
(172, 7, 'Libre', 'Luxury', 4, 0, 13, 100800, 1),
(173, 7, 'Libre', 'Luxury', 2, 1, 14, 100800, 1),
(174, 7, 'Libre', 'Luxury', 2, 1, 14, 100800, 1),
(175, 7, 'Libre', 'Luxury', 2, 1, 14, 100800, 1),
(176, 8, 'Libre', 'Comfort', 2, 0, 1, 30000, 1),
(177, 8, 'Libre', 'Comfort', 0, 1, 2, 30000, 1),
(178, 8, 'Libre', 'Privilege', 2, 0, 3, 45000, 1),
(179, 8, 'Libre', 'Privilege', 0, 1, 4, 45000, 1),
(180, 8, 'Libre', 'Luxury', 2, 0, 5, 70000, 1),
(181, 8, 'Libre', 'Luxury', 0, 1, 6, 70000, 1),
(182, 8, 'Libre', 'Privilege', 3, 0, 7, 54000, 1),
(183, 8, 'Libre', 'Privilege', 1, 1, 8, 54000, 1),
(184, 8, 'Libre', 'Privilege', 1, 1, 8, 54000, 1),
(185, 8, 'Libre', 'Luxury', 3, 0, 9, 84000, 1),
(186, 8, 'Libre', 'Luxury', 3, 0, 9, 84000, 1),
(187, 8, 'Ocupada', 'Luxury', 1, 1, 10, 84000, 1),
(188, 8, 'Libre', 'Luxury', 1, 1, 10, 84000, 1),
(189, 8, 'Libre', 'Privilege', 4, 0, 11, 64800, 1),
(190, 8, 'Libre', 'Privilege', 4, 0, 11, 64800, 1),
(191, 8, 'Libre', 'Privilege', 4, 0, 11, 64800, 1),
(192, 8, 'Libre', 'Privilege', 2, 1, 12, 64800, 1),
(193, 8, 'Libre', 'Privilege', 2, 1, 12, 64800, 1),
(194, 8, 'Libre', 'Privilege', 2, 1, 12, 64800, 1),
(195, 8, 'Libre', 'Luxury', 4, 0, 13, 100800, 1),
(196, 8, 'Libre', 'Luxury', 4, 0, 13, 100800, 1),
(197, 8, 'Libre', 'Luxury', 4, 0, 13, 100800, 1),
(198, 8, 'Ocupada', 'Luxury', 2, 1, 14, 100800, 1),
(199, 8, 'Libre', 'Luxury', 2, 1, 14, 100800, 1),
(200, 8, 'Libre', 'Luxury', 2, 1, 14, 100800, 1);

-- --------------------------------------------------------

--
-- Estructura de tabla para la tabla `huesped`
--

CREATE TABLE `huesped` (
  `dni` bigint(20) NOT NULL,
  `nombre` varchar(20) NOT NULL,
  `apellido` varchar(20) NOT NULL,
  `email` varchar(30) NOT NULL,
  `telefono` varchar(20) NOT NULL,
  `domicilio` varchar(30) NOT NULL,
  `pais` varchar(20) NOT NULL
) ENGINE=InnoDB DEFAULT CHARSET=utf8mb4 COLLATE=utf8mb4_general_ci;

--
-- Volcado de datos para la tabla `huesped`
--

INSERT INTO `huesped` (`dni`, `nombre`, `apellido`, `email`, `telefono`, `domicilio`, `pais`) VALUES
(25809670, 'Juan', 'Rodríguez', 'juanrodriguez@gmail.com', '543026187593', 'Juan Rodríguez 8117, CABA', 'Argentina'),
(28626975, 'Gustavo', 'Acosta', 'gustavoacosta@gmail.com', '548695856803', 'Gustavo Acosta 3518, CABA', 'Argentina'),
(32554654, 'Juan Carlos', 'Gribaldi', 'jcg@gmail.com', '+543425666787', 'San Martín 1174, Santa Fe', 'Argentina'),
(35034888, 'Juan', 'González', 'juangonzalez@gmail.com', '541856380122', 'Juan González 8160, CABA', 'Argentina'),
(37283650, 'Blas Manuel', 'Trejo', 'bmt@outlook.com.ar', '+543425787491', 'Lavalle 1152, CABA', 'Argentina'),
(50685784, 'Juan', 'Giménez', 'juangimenez@gmail.com', '548166808768', 'Juan Giménez 8252, CABA', 'Argentina'),
(58268857, 'Ana', 'Cruz', 'anacruz@gmail.com', '548086859431', 'Ana Cruz 2776, CABA', 'Argentina'),
(68498805, 'Juan', 'Luna', 'juanluna@gmail.com', '544724843268', 'Juan Luna 8722, CABA', 'Argentina'),
(69783149, 'Ana', 'Luna', 'analuna@gmail.com', '543755423021', 'Ana Luna 6203, CABA', 'Argentina'),
(80512474, 'Ana', 'Villalba', 'anavillalba@gmail.com', '545806056362', 'Ana Villalba 5649, CABA', 'Argentina'),
(100248207, 'Ana', 'Fernandez', 'anafernandez@gmail.com', '543164229151', 'Ana Fernandez 7172, Brasilia', 'Brasil'),
(103478028, 'Juan', 'Ramirez', 'juanramirez@gmail.com', '543354700015', 'Juan Ramirez 8378, Brasilia', 'Brasil'),
(138763573, 'Andrea', 'Sosa', 'andreasosa@gmail.com', '545686916985', 'Andrea Sosa 6360, Brasilia', 'Brasil'),
(138962658, 'Andrea', 'Rodríguez', 'andrearodriguez@gmail.com', '546324582408', 'Andrea Rodríguez 6419, CABA', 'Argentina'),
(150368710, 'Carlos', 'Quiroga', 'carlosquiroga@gmail.com', '549286998471', 'Carlos Quiroga 5045, CABA', 'Argentina'),
(154681489, 'Carlos', 'Álvarez', 'carlosalvarez@gmail.com', '548195861850', 'Carlos Álvarez 9958, Brasilia', 'Brasil'),
(191368424, 'Juan', 'Moreno', 'juanmoreno@gmail.com', '545014239804', 'Juan Moreno 8174, CABA', 'Argentina'),
(196766503, 'Carlos', 'Godoy', 'carlosgodoy@gmail.com', '542284078056', 'Carlos Godoy 5781, Brasilia', 'Brasil'),
(198727229, 'Ana', 'Vargas', 'anavargas@gmail.com', '549104910371', 'Ana Vargas 4256, CABA', 'Argentina'),
(199843617, 'Juan', 'Mansilla', 'juanmansilla@gmail.com', '547264369934', 'Juan Mansilla 3717, CABA', 'Argentina'),
(213240464, 'Gustavo', 'Herrera', 'gustavoherrera@gmail.com', '543385376854', 'Gustavo Herrera 7360, Montevid', 'Uruguay'),
(214164457, 'Juan', 'Castro', 'juancastro@gmail.com', '541845117816', 'Juan Castro 8683, Brasilia', 'Brasil'),
(215550680, 'Ana', 'Ponce', 'anaponce@gmail.com', '545535857095', 'Ana Ponce 7784, Brasilia', 'Brasil'),
(261723675, 'Gustavo', 'García', 'gustavogarcia@gmail.com', '549046728770', 'Gustavo García 6972, CABA', 'Argentina'),
(278544805, 'Juan', 'Álvarez', 'juanalvarez@gmail.com', '547214645190', 'Juan Álvarez 2796, Montevideo', 'Uruguay'),
(305488179, 'Ana', 'Castro', 'anacastro@gmail.com', '548785183367', 'Ana Castro 8312, Brasilia', 'Brasil'),
(310122691, 'Gustavo', 'López', 'gustavolopez@gmail.com', '544746023452', 'Gustavo López 7250, Brasilia', 'Brasil'),
(319501602, 'Gustavo', 'Fernandez', 'gustavofernandez@gmail.com', '544365201567', 'Gustavo Fernandez 5287, CABA', 'Argentina'),
(321202921, 'Juan', 'López', 'juanlopez@gmail.com', '549535004995', 'Juan López 6654, Montevideo', 'Uruguay'),
(330151441, 'Carlos', 'Herrera', 'carlosherrera@gmail.com', '543674627268', 'Carlos Herrera 8883, Brasilia', 'Brasil'),
(337751621, 'Andrea', 'Campos', 'andreacampos@gmail.com', '544845943718', 'Andrea Campos 7403, CABA', 'Argentina'),
(339342477, 'Gustavo', 'González', 'gustavogonzalez@gmail.com', '546865669129', 'Gustavo González 1963, CABA', 'Argentina'),
(339687844, 'Juan', 'Hernández', 'juanhernandez@gmail.com', '542734254031', 'Juan Hernández 2182, Brasilia', 'Brasil'),
(348420074, 'Andrea', 'Álvarez', 'andreaalvarez@gmail.com', '545974950982', 'Andrea Álvarez 1349, Brasilia', 'Brasil'),
(389818558, 'Andrea', 'García', 'andreagarcia@gmail.com', '544684133843', 'Andrea García 8606, CABA', 'Argentina'),
(398969509, 'Carlos', 'Blanco', 'carlosblanco@gmail.com', '544425404983', 'Carlos Blanco 7920, CABA', 'Argentina'),
(418156440, 'Juan', 'García', 'juangarcia@gmail.com', '548094657362', 'Juan García 7868, CABA', 'Argentina'),
(434649424, 'Carlos', 'Torres', 'carlostorres@gmail.com', '545936274794', 'Carlos Torres 2014, CABA', 'Argentina'),
(441226709, 'Ana', 'Juárez', 'anajuarez@gmail.com', '545545664983', 'Ana Juárez 6061, Brasilia', 'Brasil'),
(441804553, 'Carlos', 'Rodríguez', 'carlosrodriguez@gmail.com', '543764518699', 'Carlos Rodríguez 9104, Brasili', 'Brasil'),
(451125957, 'Gustavo', 'Molina', 'gustavomolina@gmail.com', '542234962061', 'Gustavo Molina 7970, CABA', 'Argentina'),
(456216075, 'Gustavo', 'Juárez', 'gustavojuarez@gmail.com', '547286822905', 'Gustavo Juárez 9198, CABA', 'Argentina'),
(469487470, 'Andrea', 'González', 'andreagonzalez@gmail.com', '544726525127', 'Andrea González 7090, Brasilia', 'Brasil'),
(469568035, 'Ana', 'Sosa', 'anasosa@gmail.com', '548245108334', 'Ana Sosa 7280, CABA', 'Argentina'),
(470892587, 'Juan', 'Fernandez', 'juanfernandez@gmail.com', '541555428471', 'Juan Fernandez 7912, CABA', 'Argentina'),
(477344007, 'Carlos', 'Ponce', 'carlosponce@gmail.com', '544455237060', 'Carlos Ponce 8980, CABA', 'Argentina'),
(482265843, 'Carlos', 'Pérez', 'carlosperez@gmail.com', '546895734434', 'Carlos Pérez 9447, Montevideo', 'Uruguay'),
(488636924, 'Andrea', 'Moreno', 'andreamoreno@gmail.com', '547845129859', 'Andrea Moreno 7560, CABA', 'Argentina'),
(491042590, 'Carlos', 'Soria', 'carlossoria@gmail.com', '545946532107', 'Carlos Soria 4306, CABA', 'Argentina'),
(498521473, 'Carlos', 'Villalba', 'carlosvillalba@gmail.com', '545925229986', 'Carlos Villalba 2031, CABA', 'Argentina'),
(500078754, 'Gustavo', 'Álvarez', 'gustavoalvarez@gmail.com', '546326854449', 'Gustavo Álvarez 1299, CABA', 'Argentina'),
(524996821, 'Carlos', 'Juárez', 'carlosjuarez@gmail.com', '543176097546', 'Carlos Juárez 6878, CABA', 'Argentina'),
(535939216, 'Gustavo', 'Cruz', 'gustavocruz@gmail.com', '549264429188', 'Gustavo Cruz 4456, CABA', 'Argentina'),
(538407762, 'Ana', 'Giménez', 'anagimenez@gmail.com', '542836776055', 'Ana Giménez 3884, CABA', 'Argentina'),
(553297478, 'Carlos', 'Castro', 'carloscastro@gmail.com', '544035789439', 'Carlos Castro 4293, Brasilia', 'Brasil'),
(554654934, 'Juan', 'Pérez', 'juanperez@gmail.com', '549445527242', 'Juan Pérez 1702, CABA', 'Argentina'),
(561561655, 'Juan', 'Vargas', 'juanvargas@gmail.com', '546726096018', 'Juan Vargas 5116, CABA', 'Argentina'),
(565412980, 'Carlos', 'Giménez', 'carlosgimenez@gmail.com', '545235589478', 'Carlos Giménez 9333, CABA', 'Argentina'),
(577114092, 'Gustavo', 'Ponce', 'gustavoponce@gmail.com', '546236883388', 'Gustavo Ponce 2156, Brasilia', 'Brasil'),
(591595492, 'Gustavo', 'Blanco', 'gustavoblanco@gmail.com', '549495065366', 'Gustavo Blanco 8388, CABA', 'Argentina'),
(598291194, 'Carlos', 'Ramirez', 'carlosramirez@gmail.com', '546566258946', 'Carlos Ramirez 1093, Brasilia', 'Brasil'),
(607692638, 'Andrea', 'Hernández', 'andreahernandez@gmail.com', '549294407031', 'Andrea Hernández 8879, CABA', 'Argentina'),
(614223110, 'Juan', 'Cruz', 'juancruz@gmail.com', '546695445947', 'Juan Cruz 8341, Brasilia', 'Brasil'),
(624334530, 'Gustavo', 'Soria', 'gustavosoria@gmail.com', '543744198145', 'Gustavo Soria 7826, CABA', 'Argentina'),
(624380109, 'Gustavo', 'Ramirez', 'gustavoramirez@gmail.com', '543976259679', 'Gustavo Ramirez 8012, CABA', 'Argentina'),
(625014763, 'Ana', 'Pérez', 'anaperez@gmail.com', '541946857008', 'Ana Pérez 7104, Brasilia', 'Brasil'),
(634711683, 'Carlos', 'Mansilla', 'carlosmansilla@gmail.com', '543876980242', 'Carlos Mansilla 2539, CABA', 'Argentina'),
(638016407, 'Juan', 'Godoy', 'juangodoy@gmail.com', '546354918973', 'Juan Godoy 6538, CABA', 'Argentina'),
(638218368, 'Juan', 'Quiroga', 'juanquiroga@gmail.com', '545776530965', 'Juan Quiroga 4351, Brasilia', 'Brasil'),
(642770356, 'Gustavo', 'Torres', 'gustavotorres@gmail.com', '546624180249', 'Gustavo Torres 8381, Brasilia', 'Brasil'),
(647508834, 'Gustavo', 'Campos', 'gustavocampos@gmail.com', '544884139975', 'Gustavo Campos 8934, CABA', 'Argentina'),
(648921066, 'Andrea', 'Acosta', 'andreaacosta@gmail.com', '546495757331', 'Andrea Acosta 4587, Brasilia', 'Brasil'),
(686813529, 'Ana', 'Acosta', 'anaacosta@gmail.com', '546846909600', 'Ana Acosta 5594, CABA', 'Argentina'),
(689065535, 'Gustavo', 'Godoy', 'gustavogodoy@gmail.com', '542596495178', 'Gustavo Godoy 7417, CABA', 'Argentina'),
(707215293, 'Ana', 'Hernández', 'anahernandez@gmail.com', '548555789931', 'Ana Hernández 1254, Brasilia', 'Brasil'),
(754809165, 'Ana', 'López', 'analopez@gmail.com', '548784684507', 'Ana López 8892, CABA', 'Argentina'),
(760966731, 'Carlos', 'Moreno', 'carlosmoreno@gmail.com', '547536570696', 'Carlos Moreno 3560, CABA', 'Argentina'),
(761374591, 'Juan', 'Campos', 'juancampos@gmail.com', '544584695574', 'Juan Campos 9405, Brasilia', 'Brasil'),
(761585908, 'Carlos', 'Sosa', 'carlossosa@gmail.com', '547554852136', 'Carlos Sosa 7507, CABA', 'Argentina'),
(763533489, 'Ana', 'Olivera', 'anaolivera@gmail.com', '549394469045', 'Ana Olivera 6519, Montevideo', 'Uruguay'),
(771769011, 'Juan', 'Acosta', 'juanacosta@gmail.com', '542995039940', 'Juan Acosta 7133, CABA', 'Argentina'),
(775062294, 'Gustavo', 'Olivera', 'gustavoolivera@gmail.com', '549014801488', 'Gustavo Olivera 6474, CABA', 'Argentina'),
(777207766, 'Gustavo', 'Luna', 'gustavoluna@gmail.com', '541205231773', 'Gustavo Luna 8831, CABA', 'Argentina'),
(778857412, 'Carlos', 'Campos', 'carloscampos@gmail.com', '543136972952', 'Carlos Campos 5456, CABA', 'Argentina'),
(779071062, 'Ana', 'Herrera', 'anaherrera@gmail.com', '545964790937', 'Ana Herrera 2452, CABA', 'Argentina'),
(806464775, 'Gustavo', 'Hernández', 'gustavohernandez@gmail.com', '542566049368', 'Gustavo Hernández 1220, Brasil', 'Brasil'),
(806972139, 'Andrea', 'Ponce', 'andreaponce@gmail.com', '542595282588', 'Andrea Ponce 5380, CABA', 'Argentina'),
(820018669, 'Juan', 'Soria', 'juansoria@gmail.com', '544986866329', 'Juan Soria 9361, CABA', 'Argentina'),
(840109560, 'Andrea', 'Vargas', 'andreavargas@gmail.com', '542296885268', 'Andrea Vargas 9565, CABA', 'Argentina'),
(842557062, 'Juan', 'Juárez', 'juanjuarez@gmail.com', '544834011661', 'Juan Juárez 4850, CABA', 'Argentina'),
(886844363, 'Juan', 'Torres', 'juantorres@gmail.com', '547614615465', 'Juan Torres 8662, CABA', 'Argentina'),
(889556979, 'Carlos', 'Molina', 'carlosmolina@gmail.com', '541304024238', 'Carlos Molina 9322, CABA', 'Argentina'),
(898119496, 'Juan', 'Villalba', 'juanvillalba@gmail.com', '541154220099', 'Juan Villalba 1464, CABA', 'Argentina'),
(905295164, 'Gustavo', 'Castro', 'gustavocastro@gmail.com', '545555722255', 'Gustavo Castro 5341, Brasilia', 'Brasil'),
(916264665, 'Carlos', 'García', 'carlosgarcia@gmail.com', '541844984889', 'Carlos García 7039, Brasilia', 'Brasil'),
(916534469, 'Ana', 'Rodríguez', 'anarodriguez@gmail.com', '547436821557', 'Ana Rodríguez 3747, CABA', 'Argentina'),
(957354235, 'Gustavo', 'Pérez', 'gustavoperez@gmail.com', '545836706423', 'Gustavo Pérez 6501, Brasilia', 'Brasil'),
(967691055, 'Ana', 'Moreno', 'anamoreno@gmail.com', '548534999550', 'Ana Moreno 3961, CABA', 'Argentina'),
(969558341, 'Juan', 'Olivera', 'juanolivera@gmail.com', '541574569653', 'Juan Olivera 8655, CABA', 'Argentina'),
(980411298, 'Ana', 'García', 'anagarcia@gmail.com', '549406286724', 'Ana García 6473, CABA', 'Argentina'),
(991158414, 'Andrea', 'Villalba', 'andreavillalba@gmail.com', '543834599137', 'Andrea Villalba 1233, Brasilia', 'Brasil'),
(998745689, 'Andrea', 'Giménez', 'andreagimenez@gmail.com', '547356644691', 'Andrea Giménez 4643, Brasilia', 'Brasil'),
(1008039716, 'Juan', 'Herrera', 'juanherrera@gmail.com', '546924682999', 'Juan Herrera 2455, CABA', 'Argentina'),
(1014270830, 'Juan', 'Molina', 'juanmolina@gmail.com', '549595076721', 'Juan Molina 9204, CABA', 'Argentina'),
(1020366049, 'Carlos', 'López', 'carloslopez@gmail.com', '546706039333', 'Carlos López 5293, Brasilia', 'Brasil'),
(1024538911, 'Ana', 'Quiroga', 'anaquiroga@gmail.com', '541234135853', 'Ana Quiroga 6044, Brasilia', 'Brasil'),
(1028193136, 'Ana', 'Álvarez', 'anaalvarez@gmail.com', '541645711906', 'Ana Álvarez 7099, Santiago de ', 'Chile'),
(1038453993, 'Gustavo', 'Rodríguez', 'gustavorodriguez@gmail.com', '549186324585', 'Gustavo Rodríguez 2533, CABA', 'Argentina'),
(1052077443, 'Andrea', 'Cruz', 'andreacruz@gmail.com', '546734507731', 'Andrea Cruz 6905, CABA', 'Argentina'),
(1070618120, 'Ana', 'Campos', 'anacampos@gmail.com', '543806057958', 'Ana Campos 1970, CABA', 'Argentina'),
(1073002784, 'Ana', 'Godoy', 'anagodoy@gmail.com', '543704305271', 'Ana Godoy 5558, CABA', 'Argentina'),
(1078156235, 'Carlos', 'Vargas', 'carlosvargas@gmail.com', '542794941732', 'Carlos Vargas 6176, CABA', 'Argentina'),
(1085877441, 'Andrea', 'Luna', 'andrealuna@gmail.com', '542364008915', 'Andrea Luna 7770, Brasilia', 'Brasil'),
(1086489295, 'Carlos', 'Fernandez', 'carlosfernandez@gmail.com', '548465757101', 'Carlos Fernandez 9514, CABA', 'Argentina'),
(1093963371, 'Ana', 'Blanco', 'anablanco@gmail.com', '549094218184', 'Ana Blanco 1485, Montevideo', 'Uruguay'),
(1098937152, 'Andrea', 'Quiroga', 'andreaquiroga@gmail.com', '545456534318', 'Andrea Quiroga 2200, CABA', 'Argentina'),
(1108827693, 'Gustavo', 'Moreno', 'gustavomoreno@gmail.com', '548656377326', 'Gustavo Moreno 4472, CABA', 'Argentina'),
(1121232844, 'Andrea', 'Pérez', 'andreaperez@gmail.com', '548186580588', 'Andrea Pérez 7055, CABA', 'Argentina'),
(1130261432, 'Juan', 'Ponce', 'juanponce@gmail.com', '548086000893', 'Juan Ponce 8194, CABA', 'Argentina'),
(1136934957, 'Carlos', 'Acosta', 'carlosacosta@gmail.com', '547005640456', 'Carlos Acosta 4009, CABA', 'Argentina'),
(1137289228, 'Andrea', 'Juárez', 'andreajuarez@gmail.com', '544025181276', 'Andrea Juárez 4863, Brasilia', 'Brasil'),
(1169664094, 'Ana', 'Soria', 'anasoria@gmail.com', '543916810172', 'Ana Soria 2454, Brasilia', 'Brasil'),
(1171114848, 'Gustavo', 'Sosa', 'gustavososa@gmail.com', '543956816338', 'Gustavo Sosa 2474, CABA', 'Argentina'),
(1184451847, 'Ana', 'Ramirez', 'anaramirez@gmail.com', '542035511689', 'Ana Ramirez 2007, CABA', 'Argentina'),
(1189130913, 'Andrea', 'Fernandez', 'andreafernandez@gmail.com', '549994171649', 'Andrea Fernandez 1209, Brasili', 'Brasil'),
(1197439277, 'Ana', 'Mansilla', 'anamansilla@gmail.com', '546545524395', 'Ana Mansilla 7836, Brasilia', 'Brasil'),
(1203221934, 'Juan', 'Sosa', 'juansosa@gmail.com', '546404221765', 'Juan Sosa 8890, CABA', 'Argentina'),
(1206827685, 'Ana', 'Molina', 'anamolina@gmail.com', '542755922147', 'Ana Molina 8604, CABA', 'Argentina'),
(1208519421, 'Andrea', 'Blanco', 'andreablanco@gmail.com', '543124097834', 'Andrea Blanco 4193, CABA', 'Argentina'),
(1211879066, 'Andrea', 'López', 'andrealopez@gmail.com', '547374673120', 'Andrea López 1327, Brasilia', 'Brasil'),
(1246510354, 'Gustavo', 'Vargas', 'gustavovargas@gmail.com', '542695695170', 'Gustavo Vargas 7050, CABA', 'Argentina'),
(1252055509, 'Carlos', 'Cruz', 'carloscruz@gmail.com', '544394155904', 'Carlos Cruz 5400, CABA', 'Argentina'),
(1277906946, 'Carlos', 'Olivera', 'carlosolivera@gmail.com', '545984281325', 'Carlos Olivera 4670, CABA', 'Argentina'),
(1291823427, 'Gustavo', 'Giménez', 'gustavogimenez@gmail.com', '544435035625', 'Gustavo Giménez 5886, CABA', 'Argentina'),
(1309710584, 'Gustavo', 'Mansilla', 'gustavomansilla@gmail.com', '547324244928', 'Gustavo Mansilla 2997, CABA', 'Argentina'),
(1330048361, 'Andrea', 'Herrera', 'andreaherrera@gmail.com', '541205964882', 'Andrea Herrera 6527, CABA', 'Argentina'),
(1330100159, 'Ana', 'Torres', 'anatorres@gmail.com', '543854055117', 'Ana Torres 7668, Brasilia', 'Brasil'),
(1331361232, 'Gustavo', 'Villalba', 'gustavovillalba@gmail.com', '545614772730', 'Gustavo Villalba 9292, CABA', 'Argentina'),
(1338492513, 'Carlos', 'Hernández', 'carloshernandez@gmail.com', '541606319434', 'Carlos Hernández 7274, Brasili', 'Brasil'),
(1341374618, 'Gustavo', 'Quiroga', 'gustavoquiroga@gmail.com', '541465944681', 'Gustavo Quiroga 5989, Brasilia', 'Brasil'),
(1346647558, 'Andrea', 'Godoy', 'andreagodoy@gmail.com', '541464868684', 'Andrea Godoy 3705, CABA', 'Argentina'),
(1350629729, 'Ana', 'González', 'anagonzalez@gmail.com', '542966914918', 'Ana González 8185, CABA', 'Argentina'),
(1350956526, 'Carlos', 'Luna', 'carlosluna@gmail.com', '549866700201', 'Carlos Luna 7451, CABA', 'Argentina'),
(1363693744, 'Andrea', 'Ramirez', 'andrearamirez@gmail.com', '543686757045', 'Andrea Ramirez 7613, CABA', 'Argentina'),
(1388726495, 'Andrea', 'Mansilla', 'andreamansilla@gmail.com', '546296462424', 'Andrea Mansilla 6352, Montevid', 'Uruguay'),
(1421082700, 'Andrea', 'Castro', 'andreacastro@gmail.com', '545774176433', 'Andrea Castro 6116, CABA', 'Argentina'),
(1444453489, 'Andrea', 'Molina', 'andreamolina@gmail.com', '545525910175', 'Andrea Molina 9207, CABA', 'Argentina'),
(1453042712, 'Andrea', 'Torres', 'andreatorres@gmail.com', '546755407058', 'Andrea Torres 6084, CABA', 'Argentina'),
(1455656583, 'Andrea', 'Soria', 'andreasoria@gmail.com', '547725678871', 'Andrea Soria 4263, CABA', 'Argentina'),
(1458388119, 'Carlos', 'González', 'carlosgonzalez@gmail.com', '542694204196', 'Carlos González 2103, CABA', 'Argentina'),
(1464112999, 'Juan', 'Blanco', 'juanblanco@gmail.com', '547615919429', 'Juan Blanco 2162, CABA', 'Argentina'),
(1486245600, 'Andrea', 'Olivera', 'andreaolivera@gmail.com', '542174547629', 'Andrea Olivera 9403, CABA', 'Argentina');

-- --------------------------------------------------------

--
-- Estructura de tabla para la tabla `mantenimiento`
--

CREATE TABLE `mantenimiento` (
  `idhabitacion` int(11) NOT NULL,
  `fechainiciom` date NOT NULL,
  `fechafinm` date NOT NULL,
  `estadomantenimiento` varchar(8) NOT NULL,
  `idmantenimiento` int(11) NOT NULL
) ENGINE=InnoDB DEFAULT CHARSET=utf8mb4 COLLATE=utf8mb4_general_ci;

--
-- Volcado de datos para la tabla `mantenimiento`
--

INSERT INTO `mantenimiento` (`idhabitacion`, `fechainiciom`, `fechafinm`, `estadomantenimiento`, `idmantenimiento`) VALUES
(1, '2023-10-02', '2023-10-08', 'Pasado', 1),
(2, '2023-10-02', '2023-10-08', 'Pasado', 2),
(3, '2023-10-02', '2023-10-08', 'Pasado', 3),
(4, '2023-10-02', '2023-10-08', 'Pasado', 4),
(5, '2023-10-02', '2023-10-08', 'Pasado', 5),
(6, '2023-10-02', '2023-10-08', 'Pasado', 6),
(7, '2023-10-02', '2023-10-08', 'Pasado', 7),
(8, '2023-10-02', '2023-10-08', 'Pasado', 8),
(9, '2023-10-02', '2023-10-08', 'Pasado', 9),
(10, '2023-10-02', '2023-10-08', 'Pasado', 10),
(11, '2023-10-02', '2023-10-08', 'Pasado', 11),
(12, '2023-10-02', '2023-10-08', 'Pasado', 12),
(13, '2023-10-02', '2023-10-08', 'Pasado', 13),
(14, '2023-10-02', '2023-10-08', 'Pasado', 14),
(15, '2023-10-02', '2023-10-08', 'Pasado', 15),
(16, '2023-10-02', '2023-10-08', 'Pasado', 16),
(17, '2023-10-02', '2023-10-08', 'Pasado', 17),
(18, '2023-10-02', '2023-10-08', 'Pasado', 18),
(19, '2023-10-02', '2023-10-08', 'Pasado', 19),
(20, '2023-10-02', '2023-10-08', 'Pasado', 20),
(21, '2023-10-02', '2023-10-08', 'Pasado', 21),
(22, '2023-10-02', '2023-10-08', 'Pasado', 22),
(23, '2023-10-02', '2023-10-08', 'Pasado', 23),
(24, '2023-10-02', '2023-10-08', 'Pasado', 24),
(25, '2023-10-02', '2023-10-08', 'Pasado', 25),
(26, '2023-10-09', '2023-10-15', 'Pasado', 26),
(27, '2023-10-09', '2023-10-15', 'Pasado', 27),
(28, '2023-10-09', '2023-10-15', 'Pasado', 28),
(29, '2023-10-09', '2023-10-15', 'Pasado', 29),
(30, '2023-10-09', '2023-10-15', 'Pasado', 30),
(31, '2023-10-09', '2023-10-15', 'Pasado', 31),
(32, '2023-10-09', '2023-10-15', 'Pasado', 32),
(33, '2023-10-09', '2023-10-15', 'Pasado', 33),
(34, '2023-10-09', '2023-10-15', 'Pasado', 34),
(35, '2023-10-09', '2023-10-15', 'Pasado', 35),
(36, '2023-10-09', '2023-10-15', 'Pasado', 36),
(37, '2023-10-09', '2023-10-15', 'Pasado', 37),
(38, '2023-10-09', '2023-10-15', 'Pasado', 38),
(39, '2023-10-09', '2023-10-15', 'Pasado', 39),
(40, '2023-10-09', '2023-10-15', 'Pasado', 40),
(41, '2023-10-09', '2023-10-15', 'Pasado', 41),
(42, '2023-10-09', '2023-10-15', 'Pasado', 42),
(43, '2023-10-09', '2023-10-15', 'Pasado', 43),
(44, '2023-10-09', '2023-10-15', 'Pasado', 44),
(45, '2023-10-09', '2023-10-15', 'Pasado', 45),
(46, '2023-10-09', '2023-10-15', 'Pasado', 46),
(47, '2023-10-09', '2023-10-15', 'Pasado', 47),
(48, '2023-10-09', '2023-10-15', 'Pasado', 48),
(49, '2023-10-09', '2023-10-15', 'Pasado', 49),
(50, '2023-10-09', '2023-10-15', 'Pasado', 50),
(51, '2023-10-16', '2023-10-22', 'Pasado', 51),
(52, '2023-10-16', '2023-10-22', 'Pasado', 52),
(53, '2023-10-16', '2023-10-22', 'Pasado', 53),
(54, '2023-10-16', '2023-10-22', 'Pasado', 54),
(55, '2023-10-16', '2023-10-22', 'Pasado', 55),
(56, '2023-10-16', '2023-10-22', 'Pasado', 56),
(57, '2023-10-16', '2023-10-22', 'Pasado', 57),
(58, '2023-10-16', '2023-10-22', 'Pasado', 58),
(59, '2023-10-16', '2023-10-22', 'Pasado', 59),
(60, '2023-10-16', '2023-10-22', 'Pasado', 60),
(61, '2023-10-16', '2023-10-22', 'Pasado', 61),
(62, '2023-10-16', '2023-10-22', 'Pasado', 62),
(63, '2023-10-16', '2023-10-22', 'Pasado', 63),
(64, '2023-10-16', '2023-10-22', 'Pasado', 64),
(65, '2023-10-16', '2023-10-22', 'Pasado', 65),
(66, '2023-10-16', '2023-10-22', 'Pasado', 66),
(67, '2023-10-16', '2023-10-22', 'Pasado', 67),
(68, '2023-10-16', '2023-10-22', 'Pasado', 68),
(69, '2023-10-16', '2023-10-22', 'Pasado', 69),
(70, '2023-10-16', '2023-10-22', 'Pasado', 70),
(71, '2023-10-16', '2023-10-22', 'Pasado', 71),
(72, '2023-10-16', '2023-10-22', 'Pasado', 72),
(73, '2023-10-16', '2023-10-22', 'Pasado', 73),
(74, '2023-10-16', '2023-10-22', 'Pasado', 74),
(75, '2023-10-16', '2023-10-22', 'Pasado', 75),
(76, '2023-10-23', '2023-10-29', 'En curso', 76),
(77, '2023-10-23', '2023-10-29', 'En curso', 77),
(78, '2023-10-23', '2023-10-29', 'En curso', 78),
(79, '2023-10-23', '2023-10-29', 'En curso', 79),
(80, '2023-10-23', '2023-10-29', 'En curso', 80),
(81, '2023-10-23', '2023-10-29', 'En curso', 81),
(82, '2023-10-23', '2023-10-29', 'En curso', 82),
(83, '2023-10-23', '2023-10-29', 'En curso', 83),
(84, '2023-10-23', '2023-10-29', 'En curso', 84),
(85, '2023-10-23', '2023-10-29', 'En curso', 85),
(86, '2023-10-23', '2023-10-29', 'En curso', 86),
(87, '2023-10-23', '2023-10-29', 'En curso', 87),
(88, '2023-10-23', '2023-10-29', 'En curso', 88),
(89, '2023-10-23', '2023-10-29', 'En curso', 89),
(90, '2023-10-23', '2023-10-29', 'En curso', 90),
(91, '2023-10-23', '2023-10-29', 'En curso', 91),
(92, '2023-10-23', '2023-10-29', 'En curso', 92),
(93, '2023-10-23', '2023-10-29', 'En curso', 93),
(94, '2023-10-23', '2023-10-29', 'En curso', 94),
(95, '2023-10-23', '2023-10-29', 'En curso', 95),
(96, '2023-10-23', '2023-10-29', 'En curso', 96),
(97, '2023-10-23', '2023-10-29', 'En curso', 97),
(98, '2023-10-23', '2023-10-29', 'En curso', 98),
(99, '2023-10-23', '2023-10-29', 'En curso', 99),
(100, '2023-10-23', '2023-10-29', 'En curso', 100),
(101, '2023-10-30', '2023-11-05', 'Futuro', 101),
(102, '2023-10-30', '2023-11-05', 'Futuro', 102),
(103, '2023-10-30', '2023-11-05', 'Futuro', 103),
(104, '2023-10-30', '2023-11-05', 'Futuro', 104),
(105, '2023-10-30', '2023-11-05', 'Futuro', 105),
(106, '2023-10-30', '2023-11-05', 'Futuro', 106),
(107, '2023-10-30', '2023-11-05', 'Futuro', 107),
(108, '2023-10-30', '2023-11-05', 'Futuro', 108),
(109, '2023-10-30', '2023-11-05', 'Futuro', 109),
(110, '2023-10-30', '2023-11-05', 'Futuro', 110),
(111, '2023-10-30', '2023-11-05', 'Futuro', 111),
(112, '2023-10-30', '2023-11-05', 'Futuro', 112),
(113, '2023-10-30', '2023-11-05', 'Futuro', 113),
(114, '2023-10-30', '2023-11-05', 'Futuro', 114),
(115, '2023-10-30', '2023-11-05', 'Futuro', 115),
(116, '2023-10-30', '2023-11-05', 'Futuro', 116),
(117, '2023-10-30', '2023-11-05', 'Futuro', 117),
(118, '2023-10-30', '2023-11-05', 'Futuro', 118),
(119, '2023-10-30', '2023-11-05', 'Futuro', 119),
(120, '2023-10-30', '2023-11-05', 'Futuro', 120),
(121, '2023-10-30', '2023-11-05', 'Futuro', 121),
(122, '2023-10-30', '2023-11-05', 'Futuro', 122),
(123, '2023-10-30', '2023-11-05', 'Futuro', 123),
(124, '2023-10-30', '2023-11-05', 'Futuro', 124),
(125, '2023-10-30', '2023-11-05', 'Futuro', 125),
(126, '2023-11-06', '2023-11-12', 'Futuro', 126),
(127, '2023-11-06', '2023-11-12', 'Futuro', 127),
(128, '2023-11-06', '2023-11-12', 'Futuro', 128),
(129, '2023-11-06', '2023-11-12', 'Futuro', 129),
(130, '2023-11-06', '2023-11-12', 'Futuro', 130),
(131, '2023-11-06', '2023-11-12', 'Futuro', 131),
(132, '2023-11-06', '2023-11-12', 'Futuro', 132),
(133, '2023-11-06', '2023-11-12', 'Futuro', 133),
(134, '2023-11-06', '2023-11-12', 'Futuro', 134),
(135, '2023-11-06', '2023-11-12', 'Futuro', 135),
(136, '2023-11-06', '2023-11-12', 'Futuro', 136),
(137, '2023-11-06', '2023-11-12', 'Futuro', 137),
(138, '2023-11-06', '2023-11-12', 'Futuro', 138),
(139, '2023-11-06', '2023-11-12', 'Futuro', 139),
(140, '2023-11-06', '2023-11-12', 'Futuro', 140),
(141, '2023-11-06', '2023-11-12', 'Futuro', 141),
(142, '2023-11-06', '2023-11-12', 'Futuro', 142),
(143, '2023-11-06', '2023-11-12', 'Futuro', 143),
(144, '2023-11-06', '2023-11-12', 'Futuro', 144),
(145, '2023-11-06', '2023-11-12', 'Futuro', 145),
(146, '2023-11-06', '2023-11-12', 'Futuro', 146),
(147, '2023-11-06', '2023-11-12', 'Futuro', 147),
(148, '2023-11-06', '2023-11-12', 'Futuro', 148),
(149, '2023-11-06', '2023-11-12', 'Futuro', 149),
(150, '2023-11-06', '2023-11-12', 'Futuro', 150),
(151, '2023-11-13', '2023-11-19', 'Futuro', 151),
(152, '2023-11-13', '2023-11-19', 'Futuro', 152),
(153, '2023-11-13', '2023-11-19', 'Futuro', 153),
(154, '2023-11-13', '2023-11-19', 'Futuro', 154),
(155, '2023-11-13', '2023-11-19', 'Futuro', 155),
(156, '2023-11-13', '2023-11-19', 'Futuro', 156),
(157, '2023-11-13', '2023-11-19', 'Futuro', 157),
(158, '2023-11-13', '2023-11-19', 'Futuro', 158),
(159, '2023-11-13', '2023-11-19', 'Futuro', 159),
(160, '2023-11-13', '2023-11-19', 'Futuro', 160),
(161, '2023-11-13', '2023-11-19', 'Futuro', 161),
(162, '2023-11-13', '2023-11-19', 'Futuro', 162),
(163, '2023-11-13', '2023-11-19', 'Futuro', 163),
(164, '2023-11-13', '2023-11-19', 'Futuro', 164),
(165, '2023-11-13', '2023-11-19', 'Futuro', 165),
(166, '2023-11-13', '2023-11-19', 'Futuro', 166),
(167, '2023-11-13', '2023-11-19', 'Futuro', 167),
(168, '2023-11-13', '2023-11-19', 'Futuro', 168),
(169, '2023-11-13', '2023-11-19', 'Futuro', 169),
(170, '2023-11-13', '2023-11-19', 'Futuro', 170),
(171, '2023-11-13', '2023-11-19', 'Futuro', 171),
(172, '2023-11-13', '2023-11-19', 'Futuro', 172),
(173, '2023-11-13', '2023-11-19', 'Futuro', 173),
(174, '2023-11-13', '2023-11-19', 'Futuro', 174),
(175, '2023-11-13', '2023-11-19', 'Futuro', 175),
(176, '2023-11-20', '2023-11-26', 'Futuro', 176),
(177, '2023-11-20', '2023-11-26', 'Futuro', 177),
(178, '2023-11-20', '2023-11-26', 'Futuro', 178),
(179, '2023-11-20', '2023-11-26', 'Futuro', 179),
(180, '2023-11-20', '2023-11-26', 'Futuro', 180),
(181, '2023-11-20', '2023-11-26', 'Futuro', 181),
(182, '2023-11-20', '2023-11-26', 'Futuro', 182),
(183, '2023-11-20', '2023-11-26', 'Futuro', 183),
(184, '2023-11-20', '2023-11-26', 'Futuro', 184),
(185, '2023-11-20', '2023-11-26', 'Futuro', 185),
(186, '2023-11-20', '2023-11-26', 'Futuro', 186),
(187, '2023-11-20', '2023-11-26', 'Futuro', 187),
(188, '2023-11-20', '2023-11-26', 'Futuro', 188),
(189, '2023-11-20', '2023-11-26', 'Futuro', 189),
(190, '2023-11-20', '2023-11-26', 'Futuro', 190),
(191, '2023-11-20', '2023-11-26', 'Futuro', 191),
(192, '2023-11-20', '2023-11-26', 'Futuro', 192),
(193, '2023-11-20', '2023-11-26', 'Futuro', 193),
(194, '2023-11-20', '2023-11-26', 'Futuro', 194),
(195, '2023-11-20', '2023-11-26', 'Futuro', 195),
(196, '2023-11-20', '2023-11-26', 'Futuro', 196),
(197, '2023-11-20', '2023-11-26', 'Futuro', 197),
(198, '2023-11-20', '2023-11-26', 'Futuro', 198),
(199, '2023-11-20', '2023-11-26', 'Futuro', 199),
(200, '2023-11-20', '2023-11-26', 'Futuro', 200);

-- --------------------------------------------------------

--
-- Estructura de tabla para la tabla `reserva`
--

CREATE TABLE `reserva` (
  `idhabitacion` int(11) NOT NULL,
  `dni` bigint(20) NOT NULL,
  `checkin` date NOT NULL,
  `checkout` date NOT NULL,
  `estadoreserva` varchar(21) NOT NULL,
  `montobase` double DEFAULT NULL,
  `montofinal` double DEFAULT NULL,
  `idreserva` int(11) NOT NULL
) ENGINE=InnoDB DEFAULT CHARSET=utf8mb4 COLLATE=utf8mb4_general_ci;

--
-- Volcado de datos para la tabla `reserva`
--

INSERT INTO `reserva` (`idhabitacion`, `dni`, `checkin`, `checkout`, `estadoreserva`, `montobase`, `montofinal`, `idreserva`) VALUES
(32, 482265843, '2023-11-21', '2023-11-26', 'Futura', NULL, NULL, 1),
(177, 1458388119, '2023-10-10', '2023-10-16', 'Pasada', 210000, 42905, 2),
(118, 1086489295, '2023-10-01', '2023-10-07', 'Pasada', 453600, 110950, 3),
(25, 553297478, '2023-09-27', '2023-10-01', 'Parcialmente abortada', 362880, 98879, 4),
(177, 1338492513, '2023-12-12', '2023-12-17', 'Futura', NULL, NULL, 5),
(50, 441804553, '2023-12-19', '2023-12-24', 'Futura', NULL, NULL, 6),
(76, 498521473, '2023-11-19', '2023-11-24', 'Abortada', 54000, 0, 7),
(181, 1350956526, '2023-12-17', '2023-12-22', 'Futura', NULL, NULL, 8),
(155, 1277906946, '2023-11-09', '2023-11-16', 'Futura', NULL, NULL, 9),
(179, 634711683, '2023-10-06', '2023-10-09', 'Pasada', 180000, 37971, 10),
(21, 477344007, '2023-09-27', '2023-09-30', 'Pasada', 403200, 58972, 11),
(111, 761585908, '2023-12-23', '2023-12-27', 'Futura', NULL, NULL, 12),
(15, 150368710, '2023-11-13', '2023-11-18', 'Futura', NULL, NULL, 13),
(75, 598291194, '2023-12-02', '2023-12-07', 'Futura', NULL, NULL, 14),
(107, 524996821, '2023-10-24', '2023-10-29', 'En curso', NULL, NULL, 15),
(189, 1136934957, '2023-12-06', '2023-12-11', 'Futura', NULL, NULL, 16),
(33, 778857412, '2023-12-09', '2023-12-14', 'Abortada', 97200, 0, 17),
(168, 916264665, '2023-12-13', '2023-12-19', 'Futura', NULL, NULL, 18),
(81, 1078156235, '2023-10-21', '2023-10-26', 'Pasada', 420000, 102100, 19),
(128, 760966731, '2023-10-26', '2023-11-02', 'En curso', NULL, NULL, 20),
(151, 154681489, '2023-11-27', '2023-12-01', 'Futura', NULL, NULL, 21),
(99, 398969509, '2023-11-30', '2023-12-04', 'Futura', NULL, NULL, 22),
(106, 1252055509, '2023-11-14', '2023-11-19', 'Futura', NULL, NULL, 23),
(129, 196766503, '2023-10-15', '2023-10-20', 'Pasada', 270000, 64553, 24),
(180, 889556979, '2023-11-03', '2023-11-08', 'Futura', NULL, NULL, 25),
(191, 491042590, '2023-11-11', '2023-11-17', 'Abortada', 136080, 0, 26),
(192, 1020366049, '2023-11-10', '2023-11-15', 'Futura', NULL, NULL, 27),
(172, 434649424, '2023-11-30', '2023-12-06', 'Futura', NULL, NULL, 28),
(91, 330151441, '2023-09-29', '2023-10-06', 'Pasada', 518400, 68140, 29),
(148, 565412980, '2023-10-17', '2023-10-22', 'Pasada', 604800, 179175, 30),
(115, 957354235, '2023-12-27', '2024-01-02', 'Futura', NULL, NULL, 31),
(173, 339342477, '2023-10-17', '2023-10-24', 'Pasada', 806400, 160926, 32),
(45, 319501602, '2023-10-03', '2023-10-06', 'Pasada', 403200, 126443, 33),
(69, 905295164, '2023-11-27', '2023-12-02', 'Futura', NULL, NULL, 34),
(170, 806464775, '2023-11-19', '2023-11-27', 'Futura', NULL, NULL, 35),
(4, 1038453993, '2023-10-11', '2023-10-17', 'Pasada', 315000, 67776, 36),
(143, 1331361232, '2023-12-27', '2024-01-02', 'Futura', NULL, NULL, 37),
(29, 777207766, '2023-12-22', '2023-12-27', 'Futura', NULL, NULL, 38),
(186, 775062294, '2023-11-10', '2023-11-16', 'Futura', NULL, NULL, 39),
(97, 1309710584, '2023-12-16', '2023-12-22', 'Futura', NULL, NULL, 40),
(19, 577114092, '2023-10-15', '2023-10-18', 'Pasada', 259200, 80055, 41),
(38, 1171114848, '2023-12-09', '2023-12-13', 'Futura', NULL, NULL, 42),
(121, 1341374618, '2023-10-16', '2023-10-20', 'Pasada', 504000, 101632, 43),
(54, 624380109, '2023-12-19', '2023-12-24', 'Futura', NULL, NULL, 44),
(125, 456216075, '2023-10-03', '2023-10-08', 'Pasada', 604800, 242289, 45),
(14, 28626975, '2023-12-08', '2023-12-15', 'Abortada', 155520, 0, 46),
(160, 647508834, '2023-11-30', '2023-12-05', 'Abortada', 151200, 0, 47),
(116, 261723675, '2023-10-01', '2023-10-06', 'Pasada', 388800, 90632, 48),
(10, 1246510354, '2023-12-05', '2023-12-08', 'Futura', NULL, NULL, 49),
(113, 1108827693, '2023-12-09', '2023-12-14', 'Futura', NULL, NULL, 50),
(71, 500078754, '2023-12-04', '2023-12-10', 'Futura', NULL, NULL, 51),
(90, 591595492, '2023-12-24', '2023-12-28', 'Futura', NULL, NULL, 52),
(102, 535939216, '2023-10-06', '2023-10-10', 'Pasada', 150000, 34794, 53),
(63, 689065535, '2023-10-23', '2023-10-29', 'En curso', NULL, NULL, 54),
(74, 451125957, '2023-12-12', '2023-12-17', 'Futura', NULL, NULL, 55),
(36, 624334530, '2023-11-02', '2023-11-08', 'Futura', NULL, NULL, 56),
(16, 310122691, '2023-11-23', '2023-11-29', 'Futura', NULL, NULL, 57),
(4, 642770356, '2023-12-06', '2023-12-10', 'Futura', NULL, NULL, 58),
(104, 213240464, '2023-11-08', '2023-11-14', 'Futura', NULL, NULL, 59),
(167, 1291823427, '2023-10-17', '2023-10-23', 'Pasada', 453600, 150658, 60),
(23, 625014763, '2023-11-08', '2023-11-14', 'Futura', NULL, NULL, 61),
(108, 1350629729, '2023-10-01', '2023-10-07', 'Pasada', 378000, 74222, 62),
(161, 100248207, '2023-10-03', '2023-10-07', 'Pasada', 420000, 76659, 63),
(44, 305488179, '2023-12-19', '2023-12-23', 'Futura', NULL, NULL, 64),
(53, 707215293, '2023-12-16', '2023-12-22', 'Futura', NULL, NULL, 65),
(183, 916534469, '2023-12-19', '2023-12-23', 'Futura', NULL, NULL, 66),
(6, 80512474, '2023-10-12', '2023-10-18', 'Pasada', 490000, 107138, 67),
(39, 69783149, '2023-10-26', '2023-10-30', 'En curso', NULL, NULL, 68),
(48, 763533489, '2023-10-21', '2023-10-26', 'Pasada', 604800, 82744, 69),
(65, 1197439277, '2023-11-02', '2023-11-06', 'Futura', NULL, NULL, 70),
(79, 215550680, '2023-12-19', '2023-12-23', 'Futura', NULL, NULL, 71),
(96, 469568035, '2023-12-24', '2023-12-30', 'Futura', NULL, NULL, 72),
(47, 1024538911, '2023-10-25', '2023-10-28', 'Pasada', 403200, 103989, 73),
(182, 1184451847, '2023-09-27', '2023-10-03', 'Pasada', 378000, 52876, 74),
(138, 441226709, '2023-10-22', '2023-10-29', 'En curso', NULL, NULL, 75),
(149, 686813529, '2023-10-23', '2023-10-30', 'En curso', NULL, NULL, 76),
(150, 1070618120, '2023-12-25', '2023-12-30', 'Futura', NULL, NULL, 77),
(87, 980411298, '2023-11-10', '2023-11-16', 'Futura', NULL, NULL, 78),
(9, 198727229, '2023-10-25', '2023-10-30', 'En curso', NULL, NULL, 79),
(2, 967691055, '2023-11-13', '2023-11-17', 'Futura', NULL, NULL, 80),
(188, 1028193136, '2023-11-02', '2023-11-08', 'Futura', NULL, NULL, 81),
(164, 1093963371, '2023-09-28', '2023-10-02', 'Parcialmente abortada', 278640, 31777, 82),
(11, 58268857, '2023-12-24', '2023-12-27', 'Futura', NULL, NULL, 83),
(89, 1073002784, '2023-11-01', '2023-11-06', 'Futura', NULL, NULL, 84),
(66, 1206827685, '2023-12-14', '2023-12-21', 'Futura', NULL, NULL, 85),
(72, 1169664094, '2023-11-24', '2023-11-29', 'Futura', NULL, NULL, 86),
(43, 754809165, '2023-10-04', '2023-10-08', 'Pasada', 324000, 57832, 87),
(152, 1330100159, '2023-12-28', '2024-01-03', 'Futura', NULL, NULL, 88),
(154, 779071062, '2023-10-21', '2023-10-26', 'Pasada', 270000, 47630, 89),
(18, 538407762, '2023-12-13', '2023-12-17', 'Futura', NULL, NULL, 90),
(100, 554654934, '2023-11-18', '2023-11-23', 'Futura', NULL, NULL, 91),
(159, 35034888, '2023-12-07', '2023-12-13', 'Futura', NULL, NULL, 92),
(157, 470892587, '2023-12-30', '2024-01-05', 'Futura', NULL, NULL, 93),
(7, 214164457, '2023-12-03', '2023-12-07', 'Futura', NULL, NULL, 94),
(136, 339687844, '2023-10-15', '2023-10-20', 'Pasada', 504000, 107903, 95),
(130, 25809670, '2023-12-28', '2024-01-02', 'Futura', NULL, NULL, 96),
(195, 898119496, '2023-12-03', '2023-12-08', 'Futura', NULL, NULL, 97),
(84, 68498805, '2023-12-01', '2023-12-03', 'Futura', NULL, NULL, 98),
(56, 969558341, '2023-11-05', '2023-11-12', 'Abortada', 168000, 0, 99),
(92, 199843617, '2023-12-10', '2023-12-15', 'Futura', NULL, NULL, 100),
(68, 1130261432, '2023-12-22', '2023-12-27', 'Futura', NULL, NULL, 101),
(85, 1203221934, '2023-10-14', '2023-10-21', 'Pasada', 672000, 118542, 102),
(55, 638218368, '2023-10-13', '2023-10-17', 'Pasada', 350000, 31978, 103),
(20, 103478028, '2023-11-25', '2023-11-29', 'Futura', NULL, NULL, 104),
(166, 842557062, '2023-12-30', '2024-01-05', 'Futura', NULL, NULL, 105),
(133, 771769011, '2023-10-30', '2023-11-03', 'Abortada', 81000, 0, 106),
(134, 761374591, '2023-11-03', '2023-11-09', 'Futura', NULL, NULL, 107),
(98, 418156440, '2023-11-19', '2023-11-24', 'Futura', NULL, NULL, 108),
(51, 561561655, '2023-11-19', '2023-11-23', 'Futura', NULL, NULL, 109),
(194, 191368424, '2023-10-20', '2023-10-24', 'Pasada', 324000, 75393, 110),
(3, 278544805, '2023-12-01', '2023-12-06', 'Abortada', 81000, 0, 111),
(67, 1464112999, '2023-12-14', '2023-12-18', 'Futura', NULL, NULL, 112),
(95, 614223110, '2023-09-27', '2023-10-03', 'Pasada', 705600, 178402, 113),
(142, 638016407, '2023-11-22', '2023-11-29', 'Futura', NULL, NULL, 114),
(139, 1014270830, '2023-10-27', '2023-11-01', 'En curso', NULL, NULL, 115),
(41, 820018669, '2023-11-23', '2023-11-27', 'Futura', NULL, NULL, 116),
(140, 321202921, '2023-11-03', '2023-11-07', 'Futura', NULL, NULL, 117),
(5, 886844363, '2023-10-31', '2023-11-06', 'Futura', NULL, NULL, 118),
(190, 1008039716, '2023-11-13', '2023-11-16', 'Futura', NULL, NULL, 119),
(126, 50685784, '2023-11-05', '2023-11-09', 'Futura', NULL, NULL, 120),
(105, 1121232844, '2023-10-14', '2023-10-20', 'Pasada', 490000, 112168, 121),
(64, 469487470, '2023-12-17', '2023-12-21', 'Futura', NULL, NULL, 122),
(28, 1189130913, '2023-11-02', '2023-11-07', 'Futura', NULL, NULL, 123),
(146, 1421082700, '2023-12-08', '2023-12-14', 'Abortada', 211680, 0, 124),
(184, 607692638, '2023-12-30', '2024-01-05', 'Futura', NULL, NULL, 125),
(77, 138962658, '2023-12-13', '2023-12-18', 'Futura', NULL, NULL, 126),
(137, 991158414, '2023-12-01', '2023-12-07', 'Futura', NULL, NULL, 127),
(124, 1085877441, '2023-10-26', '2023-10-31', 'En curso', NULL, NULL, 128),
(40, 1486245600, '2023-10-30', '2023-11-05', 'Futura', NULL, NULL, 129),
(158, 1388726495, '2023-12-15', '2023-12-19', 'Futura', NULL, NULL, 130),
(30, 806972139, '2023-12-08', '2023-12-13', 'Futura', NULL, NULL, 131),
(187, 138763573, '2023-10-25', '2023-10-29', 'En curso', NULL, NULL, 132),
(145, 1098937152, '2023-10-27', '2023-11-01', 'En curso', NULL, NULL, 133),
(144, 1363693744, '2023-12-12', '2023-12-17', 'Futura', NULL, NULL, 134),
(198, 1137289228, '2023-10-25', '2023-10-31', 'En curso', NULL, NULL, 135),
(174, 648921066, '2023-12-12', '2023-12-16', 'Futura', NULL, NULL, 136),
(127, 337751621, '2023-12-13', '2023-12-18', 'Futura', NULL, NULL, 137),
(93, 389818558, '2023-10-05', '2023-10-09', 'Pasada', 324000, 17151, 138),
(58, 840109560, '2023-11-14', '2023-11-20', 'Futura', NULL, NULL, 139),
(178, 488636924, '2023-10-05', '2023-10-08', 'Pasada', 180000, 39586, 140),
(117, 348420074, '2023-12-27', '2024-01-01', 'Futura', NULL, NULL, 141),
(193, 1208519421, '2023-12-08', '2023-12-15', 'Futura', NULL, NULL, 142),
(26, 1052077443, '2023-12-20', '2023-12-27', 'Futura', NULL, NULL, 143),
(52, 1346647558, '2023-10-29', '2023-11-05', 'En curso', NULL, NULL, 144),
(78, 1444453489, '2023-11-23', '2023-11-29', 'Futura', NULL, NULL, 145),
(62, 1455656583, '2023-12-17', '2023-12-23', 'Futura', NULL, NULL, 146),
(22, 1211879066, '2023-11-23', '2023-11-27', 'Futura', NULL, NULL, 147),
(61, 1453042712, '2023-12-24', '2023-12-29', 'Futura', NULL, NULL, 148),
(120, 1330048361, '2023-12-28', '2024-01-02', 'Futura', NULL, NULL, 149),
(37, 998745689, '2023-11-27', '2023-12-03', 'Futura', NULL, NULL, 150),
(58, 37283650, '2023-11-08', '2023-11-19', 'Abortadada', NULL, NULL, 151),
(10, 37283650, '2024-01-10', '2024-01-18', 'Abortadada', NULL, NULL, 152),
(35, 32554654, '2023-11-02', '2023-11-14', 'Futura', NULL, NULL, 153),
(8, 37283650, '2023-10-30', '2023-10-31', 'Futura', NULL, NULL, 154),
(8, 37283650, '2023-10-31', '2023-10-31', 'Futura', NULL, NULL, 155);

--
-- Índices para tablas volcadas
--

--
-- Indices de la tabla `habitacion`
--
ALTER TABLE `habitacion`
  ADD PRIMARY KEY (`idhabitacion`);

--
-- Indices de la tabla `huesped`
--
ALTER TABLE `huesped`
  ADD PRIMARY KEY (`dni`);

--
-- Indices de la tabla `mantenimiento`
--
ALTER TABLE `mantenimiento`
  ADD PRIMARY KEY (`idmantenimiento`),
  ADD KEY `idhabitacion` (`idhabitacion`);

--
-- Indices de la tabla `reserva`
--
ALTER TABLE `reserva`
  ADD PRIMARY KEY (`idreserva`),
  ADD KEY `idhabitacion` (`idhabitacion`),
  ADD KEY `dni` (`dni`);

--
-- AUTO_INCREMENT de las tablas volcadas
--

--
-- AUTO_INCREMENT de la tabla `mantenimiento`
--
ALTER TABLE `mantenimiento`
  MODIFY `idmantenimiento` int(11) NOT NULL AUTO_INCREMENT, AUTO_INCREMENT=201;

--
-- AUTO_INCREMENT de la tabla `reserva`
--
ALTER TABLE `reserva`
  MODIFY `idreserva` int(11) NOT NULL AUTO_INCREMENT, AUTO_INCREMENT=156;

--
-- Restricciones para tablas volcadas
--

--
-- Filtros para la tabla `mantenimiento`
--
ALTER TABLE `mantenimiento`
  ADD CONSTRAINT `mantenimiento_ibfk_1` FOREIGN KEY (`idhabitacion`) REFERENCES `habitacion` (`idhabitacion`);

--
-- Filtros para la tabla `reserva`
--
ALTER TABLE `reserva`
  ADD CONSTRAINT `reserva_ibfk_1` FOREIGN KEY (`idhabitacion`) REFERENCES `habitacion` (`idhabitacion`),
  ADD CONSTRAINT `reserva_ibfk_2` FOREIGN KEY (`dni`) REFERENCES `huesped` (`dni`);
COMMIT;

/*!40101 SET CHARACTER_SET_CLIENT=@OLD_CHARACTER_SET_CLIENT */;
/*!40101 SET CHARACTER_SET_RESULTS=@OLD_CHARACTER_SET_RESULTS */;
/*!40101 SET COLLATION_CONNECTION=@OLD_COLLATION_CONNECTION */;
